 #00:00:17-3# participante: no no no	
 #00:00:18-1# pcd: si si si	
 #00:00:19-5# participante: Bueno, al rato vamos por unas nuevas	
 #00:00:21-8# pcd: Que??	
 #00:00:22-7# participante: Al rato vamos por unas galletas..	
 #00:00:23-2# pcd: Ahh, entonces si acepta que se las comió?	
 #00:00:26-2# participante: No, no no, como cree?	
 #00:00:27-0# pcd: Si!, eran cuatro, nomas quedan 2 mire	
 #00:00:31-1# pcd: Eran cuatro, yo se las dejé aquí. Mi té no se lo tomó?	
 #00:00:35-4# participante: No, para nada	1
 #00:00:37-7# participante: No, yo ahorita nada mas vine a jugar	1
 #00:00:40-0# pcd: Hm hm.	1
 #00:00:43-0# pcd: Yo no quiero jugar	1
 #00:00:44-4# participante: Si si si, vamos a jugar un juego de cartas.	1
 #00:00:47-5# pcd: No, no me gustan.	1
 #00:00:49-3# participante: No, si si, se va a divertir mucho.	1
 #00:00:51-1# pcd: No.	1
 #00:00:51-5# participante: Bueno	1
 #00:00:53-8# participante: Vamos a...	1
 #00:00:55-9# pcd: No, eso no me gusta.	1
 #00:00:57-9# participante: Claro que si	1
 #00:00:58-9# pcd: No porque son muchas y no voy a terminar nunca	1
 #00:01:06-1# participante: Es un juego de memoria	1
 #00:01:07-8# pcd: No, yo no quiero jugar.	1
 #00:01:09-6# participante: Ahorita, lo que tenemos que hacer es..	1
 #00:01:10-9# pcd: Ya le dije a ella que no quería jugar porque quiero que mi mamá llegue	3
 #00:01:13-2# participante: (incomprehensible) 	3
 #00:01:15-5# pcd: Estoy esperando a mi mamá! Que no entiende?	3
 #00:01:17-8# participante: Ahorita llega.	3
 #00:01:18-8# pcd: No, no llega!	3
 #00:01:20-2# participante: Por qué no?	3
 #00:01:21-2# pcd: Porque mi mamá ya la esperé mucho, y andaba buscando mi té allá. Nomás venía por mi té.	3
 #00:01:27-2# participante: Ah pues (incomprehensible) acabamos y nos llevamos el té.	3
 #00:01:28-0# pcd: Ya me voy	3
 #00:01:30-1# pcd:  No, ya me voy	3
 #00:01:31-4# participante: No, si, ahorita de premio que nos van a dar una coca o algo así.	3
 #00:01:35-4# pcd: Una coca no, ya no quiero.	3
 #00:01:37-5# participante: Cómo que no?	3
 #00:01:38-2# pcd: No, porque ya me la tomé	3
 #00:01:40-5# participante: Apoco!, y no me invitó?	3
 #00:01:41-9# pcd: No. Pues era para mi, si la dejo aquí se la toma.	3
 #00:01:45-7# participante: Ah no pues.. no mire.. vamos a.	1
 #00:01:47-2# pcd: No.	1
 #00:01:48-4# participante: Si, mire...	1
 #00:01:49-2# pcd: No me gusta.	1
 #00:01:50-7# participante: Levante una carta, le invito a levantar una carta. La que sea.	1
 #00:01:57-1# participante: Ahh pero esta no se parece.	1
 #00:01:59-2# pcd: Bueno y yo que culpa tengo?.	1
 #00:02:00-6# participante: No pues vamos a levantar otras y encontrar esta.	1
 #00:02:01-7# pcd: No, no quiero levantar nada porque me duelen las manos.	1
 #00:02:05-8# participante: No no no, vamos a levantar otra.	1
 #00:02:07-2# pcd: No, no quiero.	1
 #00:02:08-1# participante: Si, si, si no.	1
 #00:02:08-8# pcd: No, no quiero.	1
 #00:02:09-5# participante: Si mira.	1
 #00:02:11-0# participante: Mira una foca.	1
 #00:02:13-0# pcd: No, ese es un pato.	1
 #00:02:14-5# participante: Ah es un pato? Donde podemos encontrar otro pato?	1
 #00:02:17-6# pcd: Pues quien sabe, búsquelo usted	1
 #00:02:18-7# participante: Pues vamos a levantar.	1
 #00:02:20-2# participante: yo ya levante ahorita..	1
 #00:02:21-4# pcd: no, yo no lo busco.	1
 #00:02:22-7# participante: Si, le toca a usted.	1
 #00:02:23-6# pcd: No, yo no lo busco, yo lo que quiero es con mi mamá.	3
 #00:02:27-1# pcd: Dond está mi mamá? ya me voy!	3
 #00:02:29-4# pcd: Venía por mi té, que no entiende?	3
 #00:02:29-9# participante: No, para nada...	3
 #00:02:31-7# participante: No, mire ahorita vamos a levantar otra carta.	1
 #00:02:33-5# pcd: no, venía por mi té.	1
 #00:02:35-4# participante: Mire, esta se parece?	1
 #00:02:36-7# pcd: No..	1
 #00:02:37-3# participante: No?	1
 #00:02:37-9#  pcd: No, no se parece	1
 #00:02:38-4# participante: Y esta no se le hace conocida?	1
 #00:02:39-8# pcd: Tampoco.	1
 #00:02:40-7# participante: Tampoco?	1
 #00:02:41-5# pcd: No.	11
 #00:02:42-1# participante: Ahh okay..	3
 #00:02:43-4# pcd: Ya me quiero ir! Qué no entiende?	3
 #00:02:45-3# participante: Ahorita nos vamos...	3
 #00:02:46-1# pcd: MAMÁ! VEN POR MI!	3
 #00:02:48-4# pcd: MAMÁ! AQUÍ ME TIENEN! A VER Y USTED QUIEN ES? QUÉ ESTÁ HACIENDO AQUÍ?	3
 #00:02:51-7# participante: Yo soy ****, estoy jugando aquí con usted.	3
 #00:02:53-3# pcd: No, yo no quiero jugar, yo no quiero jugar. Ya le dije a ella que no quería jugar.	2
 #00:02:58-1# participante: No, ahorita nada mas levantamos las cartas, jugamos con ellas  y...	2
 #00:03:01-0# pcd: Levántelas de una vez y tírelas andele.	2
 #00:03:03-7# participante: Ahh okay.	2
 #00:03:04-6# pcd: Tírelas, ahí estan sus cartas	2
 #00:03:05-7# participante: Ahí están?	2
 #00:03:06-6# pcd: Ahí están sus cartas.	2
 #00:03:07-5# participante: Así están bien?	2
 #00:03:08-4# pcd: Si.	2
 #00:03:08-9# participante: Si?	2
 #00:03:09-6# pcd: Juege usted solo.	2
 #00:03:10-2# participante: A ver, otra vez, vamos a empezar.	1
 #00:03:13-7# pcd: Pues sigue empezando, porque yo no quiero empezar.	1
 #00:03:16-5# participante: Noo, nos vamos a divertir mucho.	1
 #00:03:18-5# pcd: Noo, no quiero divertirme.	1
 #00:03:20-6# participante: Por qué no?	1
 #00:03:21-6# pcd: Por que no, QUIERO IRME CON MI MAMÁ, MAMÁ!!	3
 #00:03:23-4# participante: No..	3
 #00:03:24-8# participante: Ahorita acabamos con eso y ponemos una película.	1
 #00:03:28-3# pcd: una película?	1
 #00:03:29-3# participante: Si, pero hay que acabar con esto.	1
 #00:03:31-0# pcd: De qué película?	1
 #00:03:32-6# participante: De las que le gustan.	1
 #00:03:33-7# pcd: No, pues no me gusta ni una. Por que sabe usted que no me gusta ver la tele.	1
 #00:03:35-4# participante: Como que no?	1
 #00:03:38-0# participante: No mire, ahorita, ya estamos.. esto que es?	1
 #00:03:41-7# pcd: Una vieja.	1
 #00:03:42-8# participante: Ah pues no, vamos a buscar otra vieja.	1
 #00:03:45-6# pcd: No pues zapatos grandotes.	1
 #00:03:47-7# participante: Si.. 	1
 #00:03:48-6# participante: este.. ah, salió el pato!	1
 #00:03:50-7# pcd: Ps si, pues no, no no es lo mismo.	1
 #00:03:52-6# participante: No, no es lo mismo.	1
 #00:03:53-8# participante: A ver, voy a voltearlas.	1
 #00:03:54-3# pcd: Oy, oy, 	1
 #00:03:56-8# pcd: Que se oye ese ruido?	2
 #00:04:00-3# participante: No se, ah mire, salió otra vieja.	2
 #00:04:03-6# participante:  Donde está la primera vieja?	2
 #00:04:05-4# pcd: Aquí	2
 #00:04:06-2# participante: Aquí?	2
 #00:04:07-0# participante: Esa!	2
 #00:04:09-3# participante: Ahí está!	2
 #00:04:10-0# pcd: Ya no voy a jugar, entienda!	3
 #00:04:11-5# participante: No, ya, lo hicimos muy bien, encontramos a la vieja	3
 #00:04:12-9# pcd: No, no no quiero, encontrar la vieja.	3
 #00:04:16-5# participante: No ya la encontramos, ya no hay que encontrar a la vieja. 	2
 #00:04:17-7# pcd: No porque... mañana voy a irme.	2
 #00:04:19-1# participante: A donde se va?	2
 #00:04:21-4# pcd: Pa' Chihuahua.	2
 #00:04:22-8# participante: Apoco?	2
 #00:04:24-0# pcd: Si	2
 #00:04:24-8# participante: Y me va a llevar?	2
 #00:04:25-2# pcd: No, porque allá voy a ir un baile.	2
 #00:04:25-6# participante: A un baile? Y no quiere bailar conmigo?	2
 #00:04:27-5# 	
 #00:04:29-4# pcd: No, porque usted no sabe bailar.	
 #00:04:31-3# participante: Yo se bailar.	
 #00:04:32-7# pcd: No es cierto.	
 #00:04:36-3# pp	
 #00:04:37-6# participante: Si... quele gusta bailar?	
 #00:04:39-4# pcd: Danzones.	
 #00:04:40-3# participante: Danzones? Mi especialidad.	
 #00:04:41-1# pcd: uh, si?	
 #00:04:41-5# participante: Si	
 #00:04:42-6# pcd: uh pues esta bien	
 #00:04:45-2# participante: Entonces me va a llevar a chihuahua?	1
 #00:04:47-1# pcd: Mañana	1
 #00:04:47-8# participante: Mañana? Mañana nos vamos?	1
 #00:04:48-4# pcd: (incomprehensible) 	1
 #00:04:50-1# participante: Me parece perfecto	1
 #00:04:52-8# pcd: Pero ya no quiero levantar cartas.	1
 #00:04:55-1# participante: Mire, vea, salió un pato.	1
 #00:04:58-3# pcd: Aquí levantas.	1
 #00:04:59-3# participante: Aquí? Esta.	1
 #00:05:01-1# participante: Ande!!!	1
 #00:05:02-2# participante: Ya encontramos dos patos!	1
 #00:05:02-8# pcd: Ya, ya no quiero jugar.	1
 #00:05:06-2# pcd: Mamá, VEN POR MI!	3
 #00:05:08-0# participante: No, no no, ya estamos acabando.	3
 #00:05:08-9# pcd: Mamá!	3
 #00:05:10-8# pcd: No, no quiero	3
#00:05:12-6# No, no quiero no quiero!	3
 #00:05:15-1# participante: Entonces tiene que.. (incomprehensible) 	1
 #00:05:22-8# pcd: Ya no miro, ya no miro 	1
 #00:05:24-7# participante: Ay, apoco!	1
 #00:05:25-5# pcd: No, ya no miro	1
 #00:05:26-1# participante: Pero si no mira como va a ir al baile?	1
 #00:05:27-9# pcd: No, ya puso mas cartas.	1
 #00:05:29-8# participante: Pues si claro!	1
 #00:05:30-9# pcd: Pues pa' que puso mas si nomas quedaban cuatro.	1
 #00:05:33-7# participante: Porque las pues los que estan los eh cambié.	1
 #00:05:36-0# pcd: No, usted, usted me está haciendo chanchuy y ya no quiero jugar a eso.	1
 #00:05:36-7# participante: Las (incomprehensible) 	1
 #00:05:40-1# pcd: Usted, y usted ya van cuatro.	1
 #00:05:41-8# participante: (incomprehensible) las cartas?	1
 #00:05:43-3# pcd: EH?	1
 #00:05:43-9# participante: Quiere que que las quite?	1
 #00:05:45-1# pcd: Si, porque nomás eran cuatro.	1
 #00:05:46-9# participante: Entonces las voy a quitar de ahí y las voy a poner acá.	1
 #00:05:50-4# pcd: No, así no porque ahi me puso seis.	1
 #00:05:51-7# participante: Si, así si.	1
 #00:05:54-1# participante: Le quito esta si quiere.	1
 #00:05:56-5# pcd: No, quedaban cuatro	1
 #00:05:58-6# participante: No, pues las tenemos que revisar entonces.	1
 #00:06:03-6# participante: Salió otro payasito. O qué es esto?	1
 #00:06:06-0# participante: A ver, dígame cual	1
 #00:06:07-0# pcd: Pues no, no se cual, dime.	1
 #00:06:08-9# 	
 #00:06:12-7# pcd: Y bueno, y quién eres?	2
 #00:06:14-1# participante: Yo soy Carlos.	2
 #00:06:14-9# pcd: No, no eres Carlos. Qué estás haciendo aquí? 	2
 #00:06:17-7# participante: Estoy jugando con usted.	2
 #00:06:18-6# pcd: No, yo no quiero jugar. No he dicho?	2
 #00:06:21-1# participante: No, nos estamos conociendo para ir al baile mañana. En chihuahua	2
 #00:06:24-8# pcd: No pues está muy lejos Chihuahua, yo no voy.	2
 #00:06:27-3# participante: Ah no?	2
 #00:06:28-4# participante: Entonces vamos a bailar aquí?	2
 #00:06:29-7# pcd: Si, baila.	2
 #00:06:30-9# participante: No, vamos a bailar.	2
 #00:06:32-1# pcd: No pero no hay música.	2
 #00:06:34-2# participante: No pues ahorita vemos que nos ponga música uno de los muchachos.	1
 #00:06:39-2# participante: Ay mire, a la primera!	1
 #00:06:41-8# pcd: No, era a la segunda.	1
 #00:06:43-2# participante: Ah es cierto, a la segunda, verdad?	1
 #00:06:44-6# pcd: No, no mentiras. Era a la tercera.	1
 #00:06:47-1# participante: A la tercera?	1
 #00:06:48-5# participante:  Ah que buena memoria. Caray!	1
 #00:06:49-3# pcd: No.	1
 #00:06:50-5# participante: Entonces si, ahora. Este... vamos a levantar. Esta. Mire, salió un gordo	1
 #00:06:57-3# pcd: Aay, se parece a ti.	1
 #00:06:58-9# participante: Si verdad?	1
 #00:06:59-1# pcd: Si en lo gordo.	1
 #00:07:00-4# participante: Si.	1
 #00:07:01-2# pcd: Cuántos kilos pesas?	2
 #00:07:02-9# participante: No se pero.. por eso quiero bailar para bajar de peso.	2
 #00:07:08-1# pcd: Ya se me subió un piojo!	2
 #00:07:10-7# participante: Apoco?	2
 #00:07:11-3# pcd: Tu tienes piojos y me los pegas!	2
 #00:07:13-2# participante: No, fíjese que no!	2
 #00:07:14-4# pcd: Mamá!!, ven!! porque Carlos tiene piojos y me los pega!!,Mamá!!	3
 #00:07:20-3# participante: No no no, para nada!	3
 #00:07:21-1# pcd: Si, ya me dió comezón en la cabeza!	3
 #00:07:22-0# participante: En serio?	3
 #00:07:24-0# pcd: Si!, es que todos los que vienen aquí están piojosos!	3
 #00:07:25-8# participante: No, pues vamos a..	2
 #00:07:26-6# participante: Apoco?	2
 #00:07:28-8# pcd: Si, apoco no sabes?	2
 #00:07:29-5# participante: No, no sabía!	2
 #00:07:31-1# pcd: Pues báñense!!	2
 #00:07:31-9# participante: No pues ahorita.. acabamos eso y nos vamos a bañar.	2
 #00:07:35-8# pcd: Nooo, yo no quiero acabar ese. Yo me quiero ir con mi mamá!	3
 #00:07:38-2# participante: (incomprehensible) 	3
 #00:07:40-4# pcd: No, yo me quiero ir con mi mamá!	3
 #00:07:43-7# participante: Dígame donde encuentro al gordo?	1
 #00:07:45-5# pcd: Pues no se, búscalo!	1
 #00:07:46-7# participante: Pues usted tiene muy buenas ideas, ya encontró un chorro!	1
 #00:07:48-8# pcd: No... si no está aquí la voy a romper.	1
 #00:07:53-3# participante: Ay vea! a la primera!	1
 #00:07:57-6# pcd: Esas cartas eran las que me quedaban y tu.. aprovechaste que me picó algo en mi ojo y me pusiste mas cartas!	1
 #00:08:05-0# participante: Es que me gusta el juego que sea, grande, que dure!	1
 #00:08:07-7# pcd: No, yo no quiero que dure. Ya me quiero ir!	3
 #00:08:10-7# participante: A ver, si se va, a donde va?	3
 #00:08:13-2# pcd: A mi casa, con mi mamá!	3
 #00:08:14-9# participante: Me va a invitar a su casa con su mamá?	3
 #00:08:16-2# pcd: Si, porque vamos a ir a comer nieve y a ti no te voy a dar.	3
 #00:08:17-1# participante: Apoco?	2
 #00:08:20-6# participante: No me va a dar?	2
 #00:08:21-3# pcd: No. No te voy a dar!	2
 #00:08:22-6# participante: Por qué?	2
 #00:08:23-1# pcd: Mamá!!	2
 #00:08:24-1# participante: Bueno, vamos a levantar otra tarjeta.	1
 #00:08:26-8# participante: Mire, que es esto?	1
 #00:08:27-8# pcd: Pues unos changos.	1
 #00:08:28-9# participante: Unos changos? 	1
 #00:08:30-1# participante: Y donde podrán estar otros changos?	1
 #00:08:36-3# participante: Ah, vea! siempre las agarra a la primera, verdad?	1
 #00:08:39-7# pcd: Si, porque no soy tonta como tú.	1
 #00:08:42-1# participante: Si, yo soy un tonto pero pues, por estoy pidiendo ayuda para jugar.	1
 #00:08:46-0# pcd: No, pero ya no quiero jugar.	1
 #00:08:47-5# participante: No, si ahorita tenemos que poner mas tarjetas para.. porque si no así va a estar bien fácil!	1
 #00:08:52-9# pcd: No, no está fácil mire así. Mire así y ya acabé.	1
 #00:09:01-2# participante: Si, si, vamos a jugar con otras.	1
 #00:09:03-0# 	1
 #00:09:03-9# pcd: No, ya no juego.	1
 #00:09:04-7# pcd: No, voy a voy a empezar a decir: Mamá!!, mamá!	2
 #00:09:10-4# participante: Quiere que le ayude a gritar?	2
 #00:09:11-6# pcd: Si, grite, grite grite mas recio.	2
 #00:09:14-2# participante: Si? a pues ahorita en un ratito ya que levantemos las cartas..	2
 #00:09:15-1# pcd:  Mamá!! mamá ven por mi!	3
 #00:09:19-0# participante:  Que es esto de aqu?	3
 #00:09:20-2# pcd: Eh?	3
 #00:09:20-9# participante: Esto de aquí que es?	1
 #00:09:21-9# pcd: Pues una mona.	1
 #00:09:23-3# participante: Una mona?	1
 #00:09:24-1# pcd: Si.	1
 #00:09:24-7# participante: Y donde encuentro otra mona?	1
 #00:09:25-5# pcd: Ya no quiero ver monas, quiero irme a mi casa.	3
  #00:09:28-9# participante: Hay que encontrar otra mona para que... ya nos vayamos a la casa.	3
 #00:09:29-8# pcd: No, ya me voy, ya me voy.	3
 #00:09:32-3# pcd: Voy a tomar té porque ya me secó la boca.	3
 #00:09:34-9# participante: Apoco?	3
 #00:09:37-4# participante: No pues es mas, vamos a levantar... cual se le ocurre?	1
 #00:09:41-3# pcd: Ninguna.	1
 #00:09:42-4# participante: Ninguna?	1
 #00:09:43-0# pcd: No.	1
 #00:09:43-7# pcd: Me duele este dedo ya de tanto levantar cartas. Me duele este dedo.	2
 #00:09:48-2# participante: (incomprehensible) 	2
 #00:09:49-5# pcd: Me duele este dedo, me duele este dedo, no te digo!	2
 #00:09:53-5# participante: Dígame cual, y yo lo levanto.	2
 #00:09:56-4# participante: Para que no use su mano.	1
 #00:09:58-2# participante: Esta?	1
 #00:09:59-1# participante: Ahh pero no se parece...	1
 #00:10:01-4# 	1
 #00:10:03-8# pcd: Si, si se parece. Mira aquí.	1
 #00:10:05-5# participante: Ay, apoco.	1
 #00:10:06-6# pcd: Si, si si	1
 #00:10:07-6# pcd Si, si se me hace	1
 #00:10:08-4# participante: No, yo creo que no. La voy a voltear.	1
 #00:10:10-4# pcd: No, ya no quiero.	1
 #00:10:12-8# participante: Esta que es?	1
 #00:10:16-2# pcd: Una mona bailando.	1
 #00:10:18-0# participante: Una mona bailando? Y donde podrá estar la otra mona bailando?	1
 #00:10:19-1# 	1
 #00:10:21-1# pcd: Ya me voy, ya me voy porque vivo lejos.	3
 #00:10:26-1# participante: Vive lejos? *con voz quebrada*	3
 #00:10:28-0# pcd: Si, después me van a regañar. Es que mi mamá no viene.	3
 #00:10:31-4# 	3
 #00:10:33-5# pcd: No viene, ya me (incomprehensible) 	3
 #00:10:35-4# participante: No, pues vamos a levantar otra. Cual otra puede levantar para ya irnos?	1
 #00:10:43-5# participante: Ay, pero estas no se parecen.	1
 #00:10:44-5# pcd: Están bailando los dos!	1
 #00:10:47-0# participante: Estan bailando, pero uno es niña y el otro es niño.	1
 #00:10:52-0# pcd: Pues eso no sabía.	1
 #00:10:54-3# pcd: Mamá!! Antonio!	3
 #00:10:56-1#  pcd: Ven por mi! Aquí me tienen encerrada. Córrele!	3
 #00:11:01-7# pcd: No, ya me quiero ir.	3
 #00:11:03-8# participante: Vamos a levantar otra	3
 #00:11:04-7# pcd: no, no quiero levantar (incomprehensible) 	3
 #00:11:06-5# participante: Si si si, yo la voy a levantar. A mira salió el elefante	1
 #00:11:11-6# pcd: Pues donde lo tienes?	1
 #00:11:12-9# participante: No me acuerdo. No se acuerda usted?	1
 #00:11:14-5# pcd: No, tampoco yo.	1
 #00:11:15-6# participante: A entonces.. donde puede estar?	1
 #00:11:17-3# pcd: Ay..	1
 #00:11:19-8# participante: Bueno, entonces.. hmm	1
 #00:11:20-9# participante: 	1
 #00:11:25-4# participante: Ahí está! Mire! Si le digo que usted es bien listaw	1
 #00:11:29-4# pcd: No, no soy lista.	2
 #00:11:30-9# participante: Cómo que no?	2
 #00:11:31-5# pcd: Soy tonta, soy tonta.	2
 #00:11:33-8#  participante: Pero yo soy el mas tonto que no?	2
 #00:11:35-4# pcd: Si, tuu también eres tonto.	2
 #00:11:37-5# participante: Si..	2
 #00:11:38-9# pcd: Mamá donde estás?!	3
 #00:11:40-7# participante: Ahora, vamos a...	3
 #00:11:44-8# pcd: No, ya me quiero ir!	3
 #00:11:46-5# participante: Esta!.	3
 #00:11:47-9# pcd: Ya me quiero ir!	3
 #00:11:52-0# participante: Vea, noo vea, este es el niño y esta es la niña	3
 #00:11:56-5# pcd: No pues yo no se.	1
 #00:11:58-0# participante: No, pues no podemos revolver los niños con las niñas, como cree?	1
 #00:12:00-9# pcd: Si, pa' que juegen.	1
 #00:12:02-0# participante: No pero las niñas (incomprehensible) 	1
 #00:12:03-3# pcd: Pa' que juegen a las escondidas, yo quiero jugar a las escondidas.	1
 #00:12:06-9# participante: Quiere jugar a las escondidas?	1
 #00:12:08-0# pcd: Si. Yo quiero jugar a las escondidas.	1
 #00:12:09-9# participante: Se va a esconder usted o (incomprehensible) 	1
 #00:12:11-5# pcd: No, tu escóndete abajo de la mesa.	1
 #00:12:13-9# participante: Pero ahí me va a encontrar muy fácil.	1
 #00:12:15-3# pcd: No pues a ver donde te escondes.	1
 #00:12:17-5# participante: No no no, mejor levantamos otra tarjeta. 	1
 #00:12:20-2# pcd: Me salió otra vez la de la bailarina.	1
 #00:12:22-6# participante: No, esa no es bailarina.	1
 #00:12:24-2# pcd: Qué es entonces?	1
 #00:12:25-6# participante: Es una mona.	1
 #00:12:26-5# pcd: Una mona?	1
 #00:12:27-3# participante: Donde encuentro la otra mona?	1
 #00:12:28-4# pcd: Pues no se donde, pero no se donde está.	1
 #00:12:30-8# participante: Si usted es la de las buenas ideas.	1
 #00:12:32-4# pcd: No, no se.	1
 #00:12:37-2# pcd: Esta no es.. 	1
 #00:12:37-9# participante: No, esta no es.	1
 #00:12:39-0# pcd: Esta tampoco	1
 #00:12:40-7# participante: No, tampoco.	1
 #00:12:42-1# pcd: Esta tampoco.	1
 #00:12:43-1# participante: No.	1
 #00:12:44-5# pcd: Esta tampoco.	1
 #00:12:46-8# pcd: Ahí está.	1
 #00:12:47-6# participante: Ahh ahí está, vea.	1
 #00:12:49-8# pcd: Ya nomás eso y ya me voy. 	3
 #00:12:52-3# pcd: Ya me voy, mamá!, mamá!	3
 #00:12:53-3# participante: (incomprehensible) 	3
 #00:12:53-9# participante: (incomprehensible) 	3
 #00:12:55-2# participante: Ahorita	3
 #00:12:56-1# pcd: Dónde está mi mamá?	3
 #00:12:57-8# participante: A usted le gusta bailar?	3
 #00:12:58-8# pcd: No.	2
 #00:12:59-5# participante: No le gusta bailar?	2
 #00:13:00-3# pcd: No.	2
 #00:13:01-0# participante: No?	2
 #00:13:01-7# pcd: No	2
 #00:13:02-0# participante: No.. Le gusta cocinar?	2
 #00:13:02-8# pcd: Si.	2
 #00:13:03-6# participante: Si? que le gusta cocinar?	2
 #00:13:06-2# pcd: No pues muchas cosas.	2
 #00:13:07-9# participante: Ay, apoco?	2
 #00:13:08-5# pcd: Si.	2
 #00:13:09-1# participante: Me va a cocinar algo?	2
 #00:13:10-1# pcd: Si.	2
 #00:13:10-9# participante: Ahh y que me va a cocinar?	2
 #00:13:12-2# pcd: Comida.	2
 #00:13:13-5# participante: Comida?	2
 #00:13:14-2# pcd: si.	2
 #00:13:14-9#  participante: Aay, vea.	2
 #00:13:15-8# participante: Ahorita cocinamos pero digame esta. Donde la (incomprehensible) 	2
 #00:13:18-0# pcd: No, porque aquí no es mi casa. Esta no es mi casa.	2
 #00:13:21-3# participante: Hay que acabarnos las tarjetas para venir a cocinar.	2
 #00:13:24-6# pcd: Ps si...	2
 #00:13:26-6# pcd: Esta..	2
 #00:13:27-6# participante: Ay, de volada.	2
 #00:13:29-3# participante: No, pero esas estaban muy fáciles. Ahorita hay que poner mas porque..	2
 #00:13:29-5# pcd: Mira..	2
 #00:13:32-7# pcd: Ya acabé, ya acabé, ya acabé	2
 #00:13:36-5# pcd: No quiero, no quiero, no quiero, no quiero.	2
 #00:13:39-1# participante: (incomprehensible) 	
 #00:13:40-0# pcd: No no no.	
 #00:13:41-4# pcd. No quiero, no quiero no quiero no quiero. Mira ahí están tus cartas feas *avienta cartas*	
 #00:13:45-4# participante: Gracias, muchas gracias.	
 #00:13:47-6# pcd: Están feas, no quiero jugar	1
 #00:13:49-4# participante: Si están bien feas pero eran las que estaban en barata.	1
 #00:13:51-3# pcd: No no no no, no quiero no quiero.	1
 #00:13:53-8# participante: No pues nimodo.	1
 #00:13:55-2# pcd: No pues vas a jugar tu, yo no.	1
 #00:13:58-2# participante: Vamos a jugar juntos.	1
 #00:13:59-6# pcd: No..	1
 #00:14:00-5# participante: Usted juega porque me está ayudando.	1
 #00:14:02-4# pcd: Yo no juego	1
 #00:14:03-8# participante: No, usted no juega... (incomprehensible) 	1
 #00:14:05-3# pcd: Yo te miro, yo te miro	1
 #00:14:06-7# participante: Me va a ver jugar?	1
 #00:14:07-6# pcd: Si.	1
 #00:14:08-2# participante: Conste.	1
 #00:14:09-2# pcd: Yo no voy a jugar.	1
 #00:14:10-2# participante: Ay que es esto? Que raro.	1
 #00:14:11-8# pcd: Un chango bailando.	1
 #00:14:13-1# participante: Un chango bailando?	1
 #00:14:14-2# participante:  Ay que raro, que dificil. Y donde anda otro chango bailando?	1
 #00:14:17-4# pcd: Pues no se, tu sabes.	1
 #00:14:20-0# participante: Pues... no se me ocurre.	1
 #00:14:21-1# pcd: No, no no pues ni a mi.	1
 #00:14:22-0# participante: A ver, dígame!	1
 #00:14:24-4# pcd: Mamá! ya me voy!	3
 #00:14:26-0# participante: No, ahorita.	3
 #00:14:28-0# pcd: Nomás que no me puedo parar de aquí.	3
 #00:14:30-7# participante: No, aparte no se puede ir sin acabarse el té.	3
 #00:14:32-9# pcd: No pues porque tu te las comiste tus galletas. Por qué te las comiste si tenía cuatro?	2
 #00:14:37-7# participante: Ja ja ja, no pues la verdad es que no me las comí yo.	2
 #00:14:41-0# pcd: Quién fue?	2
 #00:14:41-9# participante: No se, no ví.	2
 #00:14:42-7# pcd: Había ratones aquí?	2
 #00:14:44-1# participante: ..Y! tal vez!	2
 #00:14:45-4# pcd: Si pues si hay	2
 #00:14:46-1# pcd: Hay moscos. Pican cada ratito	2
 #00:14:48-6# participante: Ay ay ay.	2
 #00:14:49-9# pcd: Si..	2
 #00:14:50-6# participante: No pues a ver.	1
 #00:14:51-2# participante: Entonces cual se le ocurre para ya irnos de aquí.	1
#00:14:55-3# pcd: El ratón se comió mis galletas?	1
 #00:14:57-2# participante: Yo creo que si.	1
 #00:14:58-8# pcd: Esa no es.	1
 #00:14:59-3# participante: Ay, esa no se parece.	1
 #00:15:01-2# participante: Entonces... vamos a regresarla..	1
 #00:15:05-8# participante: Ay, de volada está.	1
 #00:15:07-4# pcd: No, no de volada. Porque saqué otro y no estaba.	1
 #00:15:10-6# participante: No, pero de (incomprehensible) 	1
 #00:15:11-3# pcd: No ya, es mas, ya no quiero jugar, ya no quiero jugar, ya me voy. No se quien seas tu y por qué estás aquí.	1
 #00:15:17-5# participante: Yo soy Carlos y estamos jugando.	1
 #00:15:18-0# pcd: No no no se por qué estás aquí.	1
 #00:15:20-3# participante: Usted me dijo que iba a cocinar para mi.	1
 #00:15:22-3# pcd: No, no voy a cocinar para nadie. 	2
 #00:15:23-7# participante: No me va a cocinar?	2
 #00:15:25-0# pcd: Porque me quemo, me quemo, me quemo.	2
 #00:15:28-5# participante: Se quema? 	2
 #00:15:29-9# pcd: si, por eso no me dejan arrimarme a la lumbre.	2
 #00:15:32-2# participante: Uy, entonces que  le gusta hacer?	2
 #00:15:34-3# participante: Nada?	2
 #00:15:35-3#  pcd: Nada, nada. Nomás hablar y hablar y hablar.	2
 #00:15:37-6# participante: Entonces vamos a levantar.. que es esto caray?	2
 #00:15:40-4# pcd: Es una vieja	2
 #00:15:42-1# participante: A como está el mundo lleno de viejas, caray.	2
 #00:15:42-7# pcd: si, y muchos viejos.	2
 #00:15:47-1# participante: Si, verdad	1
 #00:15:48-4# participante: Bueno, entonces. Donde puede encontrar uno otra vieja?	1
 #00:15:51-4# pcd: no pues no se	1
 #00:15:53-9# participante: Hmm	1
 #00:15:54-4# pcd: No, no se	1
 #00:15:55-7# participante: Ay, yo tampoco.	1
 #00:15:56-4# pcd:  No se no se no se	1
 #00:15:57-7# participante: A ver..	1
 #00:15:59-9# pcd: No, es otra. No es.	1
 #00:16:01-0# participante: No, es otra vieja. No, revolvamos a las güeras con las pelirrojas.	1
 #00:16:12-9#  pcd: Ya me quiero ir, ya me quiero ir	3
 #00:16:14-8# participante: Andele la encontró	3
 #00:16:16-6# pcd: Ya me quiero ir, ya me quiero ir	3
 #00:16:20-2# participante: (incomprehensible) 	3
 #00:16:22-6# pcd: Mamá!, vámonos!, vámonos!	3
 #00:16:26-4# participante: No.. acuérdese que fue a la tienda	3
 #00:16:27-5# pcd: No no no, nada, ya no voy a jugar. Tu estás haciendo trampa.	2
 #00:16:32-7# participante: ¿Por qué?	2
 #00:16:33-4# pcd: Por que si.	2
 #00:16:34-9# participante: Ah, me vió hacer trampa?	2
 #00:16:35-8# pcd: Si.	2
 #00:16:36-0# participante:  Apoco?	2
 #00:16:36-8# pcd: Ahorita pusiste mas tarjetas y yo ya no quiero jugar. Ya te dije.	2
 #00:16:40-4# participante: No, no es trampa. Así se juega.	2
 #00:16:41-8# pcd: Si, no no no es juego no es juego	2
 #00:16:42-6# participante: (incomprehensible) 	2
#00:16:46-5# pcd: Pues mira, para que se te quite lo tramposo ahí está.	0
 #00:16:47-5# participante: Oorale.	0
 #00:16:49-7# pcd: Para que se te quite lo tramposo ahí está	0
 #00:16:51-5# participante: Caray! señora mía!	0
 #00:16:53-5# pcd: Para que se te quite lo tramposo ahí está!	0
 #00:16:55-7# pcd: Ya no juego.	1
 #00:16:56-8# participante: no no no	1
 #00:16:57-5# pcd: Ya no juego, ya me quiero ir. Ya me quiero ir.	3
 #00:17:01-4# participante: No, mire ya casi acabamos.	3
 #00:17:02-8# pcd: No	3
 #00:17:03-7# participante: Vamos devolada!	3
 #00:17:04-2# pcd: No no no no no quiero jugar, no quiero jugar.	1
 #00:17:07-2# participante: Cómo que no quiere jugar?	1
 #00:17:08-2# pcd: No quiero jugar, dije, ya le dije a ella cuando me metió aquí. Y le dije a ella que le iba a gritar muy recio a mi mamá!	1
 #00:17:15-9# pcd: (incomprehensible) si quiere, así, y ya acabamos.	1
 #00:17:20-7# pcd: No, no quiero	1
 #00:17:21-7# participante: Y ya!	1
 #00:17:23-4# pcd: Hazlo tu!	1
 #00:17:25-3# participante: Lo hago yo?	1
 #00:17:25-8# pcd: Si, pues si, tu.	1
 #00:17:27-3# participante: Hmm.. cual levantaré? Creo que esta	1
 #00:17:29-1# pcd: Mire, ya me picó otro animal. 	2
 #00:17:31-2# participante: Le picó otro animal?	2
 #00:17:32-8# pcd: si.	2
 #00:17:33-1# participante: Ah, es que aquí está bien sucio. Verdad?	2
 #00:17:34-5# pcd: Si, está muy sucio.	2
 #00:17:35-4# pcd: Si.. tiene que acabar para irnos.	2
 #00:17:36-3# participante: ¿Por qué no limpias, eh? ¿Por qué no limpias? Nomás estás de flojo y no limpias!	2
 #00:17:40-3# participante:  Si. verdad?	2
 #00:17:41-9# pcd: Deberías de barrer, limpiar la mesa. Mira. No la limpiaste.	2
 #00:17:46-9# pcd: No yo no la limpié, está sucia, mire tiene polvo.	2
 #00:17:49-1# pcd: Y por qué no la limpiastes, eh?	2
 #00:17:51-3# pcd: TIENES TODO EL DÍA PARA LIMP... PARA LIMPIAR, Y NOMÁS DICES PURO JUGAR, PURO JUGAR.S	3
 #00:17:52-8# participante: Si...	3
 #00:17:57-2# pcd: No, no no no no.	3
 #00:17:58-1# participante: Entoces.. cual levanto?	1
 #00:17:59-3# pcd: La que quieras.. no.	1
 #00:18:00-0# pcd:  No es que no se..	1
 #00:18:06-4# participante: Esta? Pero no, no se parece..	1
 #00:18:08-3# participante: ¿Qué es esto?	1
 #00:18:09-2# pcd: Pues quien sabe, quien sabe. Yo no se.	1
 #00:18:11-5# pcd: Ojala sepa..	1
 #00:18:12-9# participante: A ver, vamos a levantar otra. Esta se ve muy fea.	1
 #00:18:15-6# pcd: Si..	1
 #00:18:16-4# participante: Si..	1
 #00:18:17-5# pcd: Yo no voy a jugar. Tu estás jugando.	1
 #00:18:19-8# participante: Yo estoy jugando. ¿ Ay, qué es esto?	1
 #00:18:21-9# pcd:  Un flaco, como tu!	2
 #00:18:22-8# participante: Un flaco! 	2
 #00:18:24-8# participante: ¿Qué no estaba gordo?	2
 #00:18:26-6# participante: Y ahora estoy flaco	2
 #00:18:28-3# pcd: Flaco como ese!	2
 #00:18:30-6# participante: Ay ay ay, pues muchas gracias!	2
 #00:18:32-7# participante: La dieta está sirviendo!	2
 #00:18:35-6# participante: Y cual otra puedo levantar para encontrar al flaco?	2
 #00:18:37-6# pcd: Pues no se.	2
 #00:18:38-8# participante: Ah..	2
 #00:18:44-3# participante: No.... este no se parece, este está cabezón.	2
 #00:18:48-6# pcd: Si.. pues no se donde está el flaco.	2
 #00:18:49-5# participante: Ahh no  pues si no sabemos la tenemos que regresar.	2
#00:18:57-3# pcd: El flaco.	2
 #00:18:59-4# participante: El flaco, en donde está el otro flaco?	2
 #00:19:00-7# pcd: Aay! Me dolió mi brazo! aay! aay! si! porque estiré la mano así para estirar!.	2
 #00:19:07-8# participante: Ah..	2
 #00:19:08-8# pcd: Ya no voy a jugar, eh!	3
 #00:19:10-3# participante: No, ya no vamos a jugar.	3
 #00:19:10-9# pcd: Porque me duele, ya no juego, ya no juego.	3
 #00:19:13-2# participante: No no no	3
 #00:19:14-1# pcd: Ya no juego, por que me (incomprehensible) 	3
 #00:19:15-8# participante: Yo sigo jugando, yo sigo jugando solito.	3
 #00:19:17-2# pcd: Andele pues, tu juega.	0
 #00:19:19-4# pcd:  Yo echo flautas.	0
 #00:19:21-0# participante: Me va a echar flautas?	0
 #00:19:22-6# pcd: Pues si.	0
 #00:19:23-3# participante: Conste.	0
 #00:19:24-2# participante: Si.	0
 #00:19:25-2# participante: ¿Cuál es mi porra?	0
 #00:19:27-2# pcd: Flautas...	0
 #00:19:27-9# participante: Flautas?	0
 #00:19:29-1# participante: Salió otra vez el (incomprehensible) chiquito	0
 #00:19:31-0# pcd: No se donde está	0
 #00:19:32-5# participante: Ay ay ay, que difícil es esto.	1
 #00:19:34-7# pcd: No no no. Está difícil. 	1
 #00:19:36-2# participante: (incomprehensible) 	1
 #00:19:36-7# pcd: ESTÁ MAS DIFÍCIL QUE VENGA MI MAMA!, MAMÁ!, MAMÁ! MAMÁ!	3
 #00:19:39-4# participante: No.. ahorita nos vamos..	3
 #00:19:41-5# pcd: NO, NO VAMOS, NO VAMOS, YO VOY SOLA, NO NECESITO VEJIGAS PA' NADAR.	3
 #00:19:46-1# participante: *risita*	3
 #00:19:47-5# pcd: De qué te ríes, eh? Te estás riendo de mi?	2
 #00:19:50-8# participante: No no, como cree?	2
 #00:19:52-5# pcd: Riéte de tu abuela, no te rías de mi	2
 #00:19:54-9# participante: Me río de mi abuela también.	2
 #00:19:56-3# pcd: También? no, de mi no!.	2
 #00:19:57-9# participante: No, para nada.	2
 #00:19:59-1# pcd: No.	1
 #00:20:00-2# pcd: Búsquelo! Ándele! a ti te toca buscarlo.	1
 #00:20:03-0# pcd: Si, porque yo todos los he hayado.	1
 #00:20:05-9# participante: Ay, si verdad?	1
 #00:20:07-4# pcd: Ya me quiero ir!!	3
 #00:20:09-2# participante: A ver...	3
 #00:20:09-8# pcd: Ya me quiero ir!!	3
 #00:20:11-0# participante: No, es que me equivoco!	3
 #00:20:12-4# pcd: No, pues no te equivoques, no seas menso!	3
 #00:20:15-0# participante: No, pues a ver, ayudeme usted.	2
 #00:20:21-5# pcd: AAAAAYY!!!	2
 #00:20:23-0# participante: Qué es eso??	2
 #00:20:24-5# pcd:  Tu mamá!	2
 #00:20:25-5# participante: Mi mamá?	2
 #00:20:26-6# participante: Engordó, verdad?	2
 #00:20:27-6# pcd: Si..	2
 #00:20:29-0# participante: Ay... pobrecita!	2
 #00:20:31-1# participante: Se ve bonita?	2
 #00:20:32-0# pcd: Si, hermosa.	1
 #00:20:33-1# participante: Ay.. si.. chulísima!	1
 #00:20:34-6# pcd: Ajá..	1
 #00:20:35-4# participante: Si, pero no es un señor?	1
 #00:20:36-1# pcd: No, no es.	1
 #00:20:37-0# participante: No, no..	1
 #00:20:39-2# participante: A ver, vamos a ver..	1
 #00:20:41-8# pcd: No, no hay de esos!	1
 #00:20:43-3# participante: No hay de esos?	1
 #00:20:44-2# pcd: No.	1
 #00:20:44-8# participante: ¿Cómo que no?	1
 #00:20:46-0# participante: y!! que salió? y en donde está el otro?	1
 #00:20:49-2# pcd: Allá!	1
 #00:20:50-2# participante: Eh.. donde?	1
 #00:20:51-0# pcd: Acá	1
 #00:20:51-3# participante: Aquí?	1
 #00:20:52-2# pcd: No, acá.	1
 #00:20:52-7# participante: Aquí?	1
 #00:20:53-2# participante: Ah.. ok.	1
 #00:20:54-3# pcd: Ya no juego...	1
 #00:20:55-6# participante: Ay, se cayó la carta!	1
 #00:20:58-0# pcd: Te las voy a tirar...	2
 #00:21:01-0# participante: No, no no para qué. Yo las tiro solito.	2
 #00:21:03-2# pcd: Pa' que las levantes.	2
 #00:21:04-8# participante: Ja ja ja..	2
 #00:21:05-9# pcd: Pa' que hagas ejercicio.	2
 #00:21:07-2# participante: Si, porque ya estoy gordo. Verdad?	2
 #00:21:08-8# pcd: No, estás flaco.	2
 #00:21:09-7# participante: Ah, estoy flaco?	1
 #00:21:10-6# pcd: ujum.	1
 #00:21:11-0# participante: Ah, entonces para ponerme... acá.. musculoso?	1
 #00:21:13-2# pcd: Si.	1
 #00:21:14-2# participante: Le gustan musculosos?	1
 #00:21:15-5# pcd: Si, pues si.	1
 #00:21:16-5# participante: Ah, okay, entonces eh.. con mas ganas.. entonces vamos a levantar a...	1
 #00:21:22-4# pcd: La gordita.	1
 #00:21:23-1# participante: A la gordita..	1
 #00:21:25-0# participante: Donde estará la otra gordita?	1
 #00:21:29-4# participante: Ay, de volada!	1
 #00:21:31-5# pcd: Ya no voy a jugar, no entiende, no entiende que ya no voy a jugar porque quiero ver a mi mamá!	3
 #00:21:37-5# participante: Quiere ver a su mamá?	3
 #00:21:38-5# pcd: Quiero ver a mi mamá, quiero ir a mi mamá, quiero a mi mamá!.	3
 #00:21:42-5# participante: Ahorita, ahorita, al rato.	3
 #00:21:43-9# pcd: Mamá!! ven por mi! 	3
 #00:21:47-1# pcd: Pf... no me la reborujes, no te hagas menso!	3
 #00:21:50-3# participante: ja ja ja	3
 #00:21:51-2# pcd: Mira esta!	2
 #00:21:52-0# participante: Ay, usted siempre me cacha!	2
 #00:21:53-1# pcd: No, pues si.. porque me quieres hacer tonta!	2
 #00:21:55-8# participante: No no no, para nada!	2
 #00:21:56-9# pcd: Ya me están picando los piojos que me pegaste!	2
 #00:21:58-3# participante: Así es el juego.	2
 #00:21:59-9# pcd: Ay que comezón! No, ya llévenme de aquí! Me están pegando los piojos!!	2
 #00:22:05-3# participante: Ja ja ja	2
 #00:22:05-9# pcd: Auxilio!! 	2
 #00:22:07-2# participante: No no no, cuales piojos, caray!	2
 #00:22:09-9# pcd: Dónde está mi mamá!!?	3
 #00:22:11-8# participante: No se pero ahora a ver vamos a levantar..	3
 #00:22:13-5# pcd: ya no quiero, ya no quiero, ya no quiero jugar!	1
 #00:22:14-5# participante: (incomprehensible) las cartas!	1
 #00:22:16-9# pcd: Ya no voy a jugar..	1
 #00:22:18-0# participante: Quién es este señor?	1
 #00:22:19-4# pcd: Uno que está bailando..	1
 #00:22:20-7# participante: Uno que está bailando?	1
 #00:22:21-8# pcd: Si..	1
 #00:22:22-4# participante: Y que está bailando el señor?	1
 #00:22:23-2# pcd: Doma las.. tigresas.	1
 #00:22:26-1# participante: Doma las tigresas?	1
 #00:22:27-2# pcd: ujum..	1
 #00:22:27-9# participante: Orale!	1
 #00:22:28-3# pcd: Pero aquí no hay tigres!	1
 #00:22:30-2# participante: Cómo que no?	1
 #00:22:31-7# pcd: No.	1
 #00:22:36-2# pcd: Ese es este.	1
 #00:22:37-3# participante: Ay de volada!	1
 #00:22:38-3# pcd: Y este es este y ya terminé ya no quiero jugar quiero ir con mi mamá! Donde está mi mamá?	3
 #00:22:43-2# participante: Ah okay..	3
 #00:22:44-5# participante: No pues lo hizo muy bien eh!	3
 #00:22:46-7# pcd: Lo hice muy mal, muy mal, muy mal!	3
 #00:22:49-1# participante: Por qué mal?	3
 #00:22:50-1# pcd: *resoplido*	1
 #00:22:52-6# participante: No.. si.. tómese su té, tranquilita. No quiere una galleta?	1
 #00:22:57-9# pcd: No, porque ya te las comistes, tomates, comistes.	1
 #00:23:01-2# participante: ja ja ja, no pues muchas gracias.	1
